name,ask_id,museum_id,municipality,investigated,radiocarbon,rcarb_cor,multiphase,reference,reported_min_elev,reported_max_elev,dating_method,reported_earliest_bce,reported_latest_bce,excavated_m3,core,core_fragment ,blade,microblade,chip,fragment,flake,axe_debitage,axe,chisel,microlith,tanged_point,transverse_point,single_edged_point,høgnipen_point,pressure_flaked_point,nøklegaard_point,projectile_undefined,sickle,dagger_spear,microburin,scraper,knife,burin,drill,blade_retouch,microblade_retouch,chip_retouch,fragment_retouch,flake_retouch,beach_flint_flint_nodule,axe_nonflint,axe_debitage_nonflint,chisel_nonflint,club_hatchet_nonflint,grinding_slab_stone,projectile_nonflint,knife_nonflint,hammerstone,flake_nonflint,fragment_nonflint,chip_nonflint,blade_nonflint,microblade_nonflint,core_nonflint,core_fragment_nonflint,scraper_nonflint,drill_nonflint,burin_nonflint,microblade_retouch_nonflint,blade_retouch_nonflint,fragment_retouch_nonflint,flake_retouch_nonflint,chip_retouch_nonflint
Krøgenesåsen 1,159967,C60371,Arendal,t,t,f,f,Nielsen 2017,35,36,shore_typo,-8850,-8500,1.8,0,0,6,0,0,0,1,0,0,0,0,0,0,0,0,0,0,0,0,0,0,0,0,1,0,0,0,0,0,0,0,0,0,0,0,0,0,0,0,28,4,3,0,0,1,0,0,0,0,0,0,0,0,0
Krøgenesåsen 2,159968,C60372,Arendal,t,f,,f,Nielsen 2017,36,38,shore_typo,-8850,-8500,9.5,4,38,278,0,267,234,934,0,2,0,4,0,0,0,0,0,0,0,0,0,0,0,0,2,0,7,0,0,4,2,1,0,0,0,0,0,0,0,0,44,3,6,3,0,4,0,0,0,0,0,0,0,1,0
Øytangen,108467,C57694,Arendal,t,f,,f,Berge & Loftsgarden 2012,32,34,shore_typo,-8500,-7500,10.25,8,8,33,102,1339,1117,307,0,0,0,0,0,0,0,0,0,0,0,0,0,0,12,0,0,2,5,8,0,30,5,0,5,0,0,2,6,0,8,4,121,1300,1452,3,18,16,0,1,0,0,0,0,0,2,0
Marisberg,112382,C59093,Arendal,t,f,,f,Mansrud & Carrasco 2018,30,30,shore_typo,-8000,-7500,8.375,10,1,42,111,0,2826,471,0,0,0,0,0,0,0,0,0,0,0,0,0,0,0,0,0,5,19,8,0,13,1,0,4,0,0,0,3,0,0,1,282,1476,0,5,18,38,0,1,0,0,0,0,1,0,0
Dybdalshei 1,108338,C60097,Arendal,t,t,t,t,Granum & Schülke 2018,,,c14,-7600,-3900,,0,0,3,0,6,12,3,0,0,0,0,0,0,0,0,0,0,0,0,0,0,0,0,0,0,1,0,0,1,0,0,0,0,0,0,0,0,0,0,3,14,3,0,0,1,2,0,0,0,0,0,0,0,0
Dybdalshei 2,108339,C60098,Arendal,t,t,t,f,Granum & Schülke 2018,,,c14,-2500,-2300,,0,0,2,0,3,9,2,0,0,0,0,0,0,0,0,0,0,0,0,0,0,0,0,0,0,0,0,0,1,0,0,0,0,0,0,0,0,0,0,1,10,0,0,0,1,2,0,0,0,0,0,0,0,0
Dybdalshei 4,108341,C60099,Arendal,t,f,,f,Granum & Schülke 2018,25,25,,,,,0,0,1,0,0,2,0,0,0,0,0,0,0,0,0,0,0,0,0,0,0,0,0,0,0,0,0,0,0,0,0,0,0,0,0,0,0,0,0,0,2,0,0,0,2,0,0,0,0,0,0,0,0,0
Sagene B2,171070,C59675,Arendal,t,t,f,f,Darmark 2018,55,58,shore_typo,-9200,-8800,21.875,8,55,456,533,1748,2104,1249,1,4,0,14,0,1,26,0,0,0,47,0,0,48,1,0,2,0,34,15,8,64,14,0,0,0,0,0,0,0,0,2,54,202,91,0,0,6,0,0,0,0,0,0,0,0,0
Sagene B4,171073,C59677,Arendal,t,f,,f,Darmark 2018b,53,55,shore_typo,-9000,-8800,9.15,3,3,103,47,276,207,155,0,0,0,5,0,0,0,1,0,0,0,0,0,4,0,0,1,0,6,2,2,12,8,0,0,0,0,0,0,0,0,0,1,7,6,2,1,0,0,0,0,0,0,0,0,0,0
Sagene B6,176196,C59679,Arendal,t,t,f,f,Darmark 2018b,48,52,shore_typo,-8900,-8700,9,5,1,109,112,502,204,245,0,0,0,3,2,0,1,5,0,0,3,0,0,5,0,0,0,0,7,3,1,12,2,0,0,0,0,0,0,0,0,0,70,135,134,15,20,2,0,0,0,0,0,0,1,0,0
Sagene B1,161300,C59674,Arendal,t,t,f,f,Viken 2018,48,55,shore_typo,-8800,-8700,28.2,13,40,755,243,940,2274,822,0,9,0,19,15,0,4,17,0,0,0,0,0,110,0,0,0,0,54,7,6,37,7,0,1,0,0,0,1,2,0,12,1222,5960,1,48,3,36,3,0,0,0,0,2,4,1,0
Kvastad A9,172657,C59673,Arendal,t,t,f,f,Darmark 2018c,54,55,shore_typo,-8700,-8300,5.7,2,4,43,26,43,25,25,0,0,0,0,0,0,0,0,0,0,5,0,0,0,0,0,1,0,5,0,0,2,0,0,0,0,0,0,1,0,0,0,6,13,3,0,0,1,0,0,0,0,0,0,0,0,0
Kvastad A1 north,172344,C59665,Arendal,t,f,,f,Stokke et al. 2018,53,53,shore_typo,-8600,-8500,2.625,0,10,39,37,253,337,155,0,0,3,5,1,0,0,1,0,0,0,0,0,3,0,0,0,0,2,2,0,5,2,1,0,0,0,0,0,0,0,2,20,42,1,0,0,3,1,0,0,0,0,0,0,0,0
Kvastad A1 south,172344,C59665,Arendal,t,t,t,f,Stokke et al. 2018,,,c14,-8500,-8400,7.275,1,17,49,35,371,339,323,8,0,1,2,0,0,1,3,0,0,0,0,0,1,0,0,0,0,3,0,0,7,2,1,0,0,0,0,0,0,0,1,6,9,2,0,0,1,0,0,0,0,0,0,0,0,0
Kvastad A4 west,172345,C59668,Arendal,t,t,f,f,Darmark et al. 2018,,,shore_typo,-8500,-8300,1.2,0,0,5,2,20,17,9,0,0,0,0,0,0,0,0,0,0,0,0,0,0,0,0,0,0,0,0,0,0,0,0,0,0,0,0,0,0,0,0,367,8245,0,10,0,4,1,0,0,0,0,0,0,2,0
Kvastad A4 east,172345,C59668,Arendal,t,t,f,f,Darmark et al. 2018,52,56,shore_typo,-8500,-8300,31,17,46,162,46,597,791,741,8,0,0,4,5,0,8,5,0,0,0,0,0,1,0,0,2,0,12,0,0,19,8,0,0,0,0,0,2,1,0,9,365,1411,0,11,5,48,2,0,0,0,0,0,3,0,0
Kvastad A5-6,"17666, 17667",C59669,Arendal,t,f,,f,Viken 2018b,46,49,shore_typo,-8400,-8300,22.5,1,6,80,21,29,121,75,0,0,0,3,0,0,0,0,0,0,0,0,0,3,0,0,1,0,2,1,0,1,0,1,7,0,0,0,0,0,0,0,169,467,21,5,1,2,0,0,0,0,0,0,1,0,0
Hesthag C4,170190,C59685,Arendal,t,t,t,f,Viken 2018c,,,c14,-8170,-7730,20,22,20,194,112,469,1099,345,0,0,0,5,0,0,0,0,0,0,0,0,0,0,3,0,0,10,15,4,0,26,2,0,0,1,0,1,4,0,0,3,27,55,0,1,0,1,1,0,0,0,0,0,2,0,0
Hesthag C2,170172,C59683,Arendal,t,t,t,t,Viken 2018d,,,c14,-8000,-2350,15.6,119,87,893,1680,4440,6820,1577,6,3,0,7,3,0,0,0,0,0,0,0,0,0,27,6,0,16,130,82,6,79,30,10,2,8,0,0,10,2,7,11,239,2573,483,13,46,35,3,1,0,0,1,0,5,4,0
Krøgenes D2,159966,"C59689, C60093",Arendal,t,t,t,f,Mansrud et al. 2018,,,c14,-5300,-5000,27.24,81,98,194,1339,2563,3858,1495,0,0,0,0,0,1,1,0,0,0,0,0,0,0,14,0,0,1,2,1,0,25,9,3,114,0,19,0,49,0,2,17,9504,1084,0,0,14,15,3,1,0,0,0,0,6,2,0
Krøgenes D7,159965,C59694,Arendal,t,f,,f,Stokke & Reitan 2018,17,18,shore_typo,-4200,-3600,2.5,4,12,44,6,38,171,34,0,1,0,0,0,0,0,0,0,0,0,0,0,0,0,0,0,0,2,0,0,8,3,0,0,0,0,0,0,0,0,1,24,220,0,0,1,4,0,0,0,0,0,0,0,0,0
Krøgenes D10,161275,C59697,Arendal,t,f,,f,Stokke & Reitan 2018,18,20,shore_typo,-5000,-4000,2.7,4,4,22,3,111,232,70,0,1,0,0,0,0,0,0,0,0,0,0,0,0,0,0,0,0,0,0,0,0,5,0,0,0,0,0,0,0,0,0,513,1280,1645,0,1,56,9,0,0,0,0,0,0,0,0
Krøgenes D1,160617,C59688,Arendal,t,t,t,t,Reitan & Solberg 2018,,,c14,-4600,-2450,14,18,4,45,22,1055,1148,1389,2,0,0,0,7,15,5,0,1,0,0,0,0,0,16,13,0,0,16,0,0,40,26,0,7,11,0,0,23,8,2,5,1022,2125,1,5,0,26,0,0,0,0,0,0,0,4,0
Krøgenes D5,159969,C59692,Arendal,t,f,,f,Reitan & Solberg 2018b,13,14,shore_typo,-2800,-2400,19.58,17,3,82,5,609,828,970,10,0,0,0,2,0,0,0,12,0,0,0,0,0,2,2,0,0,22,0,0,1,4,0,0,0,0,0,0,0,0,2,8,4,0,0,0,0,0,0,0,0,0,0,1,0,0
Mørland D11,172500,C59698,Arendal,t,f,,f,Darmark 2018d,,,typo,-2100,-1200,2.415,2,0,0,0,54,36,3,0,0,0,0,0,0,0,0,0,8,0,0,0,0,0,0,0,0,1,0,2,1,0,0,0,1,0,0,0,0,0,0,3,11,0,0,0,1,0,0,0,0,0,0,0,0,0
Kvastad A2 northeast,172664,C59666,Arendal,t,t,t,t,Stokke & Reitan 2018b,,,c14,-8500,-1700,72.75,7,52,259,212,1568,1852,1253,2,2,0,14,0,0,0,0,3,0,0,1,1,21,0,0,0,0,0,0,8,57,13,0,1,0,0,0,0,0,0,1,691,2027,30,11,4,21,6,0,0,0,0,1,0,2,0
Kvastad A2 southwest,172664,C59666,Arendal,t,t,t,t,Stokke & Reitan 2018b,,,c14,-8500,-1700,24.2,8,43,215,139,699,939,1001,1,3,0,6,2,0,2,9,0,0,0,0,0,56,0,0,6,0,17,1,2,32,9,0,0,0,0,0,0,1,0,9,1451,3657,3,19,4,22,9,0,0,8,0,1,3,2,0
Hovland 5,150578,C58448,Larvik,t,t,t,f,Mansrud & Koxvold 2013,,,c14,-8000,-7700,16.3,2,25,83,83,1503,1098,315,0,0,0,2,1,0,0,0,0,0,0,0,0,0,2,0,6,4,13,15,0,6,7,0,1,0,0,0,8,0,0,0,1,2,0,0,0,0,0,0,0,0,0,0,0,0,0
Hovland 2,120470,C58327,Larvik,t,f,,f,Koxvold 2013,65,70,shore_typo,-8300,-7900,36,12,75,94,44,1071,757,731,0,3,0,7,0,0,0,0,0,0,0,0,0,0,5,1,0,2,20,4,0,5,6,27,0,0,0,0,0,0,0,0,1,0,0,0,0,0,0,0,0,0,0,0,0,0,0
Nordby 1 (Bommestad-Sky),119409,C57991,Larvik,t,t,f,f,Færø Olsen 2013,65,66,shore_typo,-7950,-7550,21,0,0,0,0,7,13,10,0,0,0,0,0,0,0,0,0,0,0,0,0,0,2,0,0,0,0,3,0,3,0,0,0,0,0,0,2,0,0,0,6,4,0,0,0,0,0,0,0,0,0,0,0,0,0
Nordby 2 (Bommestad-Sky),119410,C57993,Larvik,t,t,f,f,Koxvold 2013b,65,70,shore_typo,-7900,-7500,74,17,96,66,47,289,825,641,0,0,0,4,0,0,0,0,0,0,0,0,0,1,42,24,9,1,17,9,0,25,20,3,0,0,1,0,1,0,0,0,21,210,0,0,0,0,0,0,0,0,0,0,0,0,0
Hovland 4,119407,C58328,Larvik,t,t,t,f,Mansrud 2013,,,c14,-7900,-7500,37,9,51,153,128,1442,1423,883,0,0,0,12,0,0,0,0,0,0,0,0,0,0,10,3,7,5,29,16,0,42,10,4,3,0,0,0,13,0,0,3,4,2,0,0,0,0,0,0,0,0,0,0,1,1,0
Hovland 1,119401,C57992,Larvik,t,t,t,f,Færø Olsen 2013b,,,c14,-7700,-7400,37.1,27,31,285,323,2124,4025,1956,0,0,0,9,0,0,0,0,0,0,0,0,0,0,8,7,1,14,40,38,1,9,1,11,2,0,0,1,3,0,0,2,2,6,1,0,0,0,0,0,0,0,0,0,0,0,0
Hovland 3,119408,C58236,Larvik,t,t,t,f,Solheim & Færø Olsen 2013,,,c14,-7650,-7450,21.3,67,71,1233,734,5663,8216,4949,0,0,0,27,0,0,0,0,0,0,0,0,0,0,38,0,0,26,169,81,0,14,7,10,3,0,0,4,8,0,0,5,19,27,0,0,0,0,0,0,0,0,5,5,0,0,0
Torstvet,119404,C57995,Larvik,t,t,t,f,Mansrud 2013b,,,c14,-7500,-7100,26,3,21,82,43,163,226,243,0,0,0,2,0,0,0,0,0,0,0,0,0,0,3,4,2,1,11,4,1,3,2,0,0,1,0,0,0,0,0,0,0,0,0,0,0,0,0,0,0,0,0,0,0,0,0
Nedre Hobekk 2,115976,C58367,Larvik,t,t,f,t,Eigeland 2014,95,97,shore_typo,-8800,-8500,21.7,2,0,5,2,70,64,76,0,0,0,2,0,0,0,0,0,0,0,0,0,0,0,0,0,0,0,0,1,5,2,0,0,1,0,0,0,0,0,0,130,18,50,5,0,1,0,0,0,0,0,0,0,0,0
Solum 1,116021,C58369,Larvik,t,f,,f,Fossum 2014,94,95,shore_typo,-8800,-8400,17.05,1,0,24,0,68,55,108,0,1,0,1,0,0,0,0,0,0,0,0,0,0,1,2,0,0,2,0,1,4,6,0,2,0,0,0,0,0,0,0,12,0,0,1,0,0,0,0,0,0,0,0,0,1,0
Nedre Hobekk 1,115978,C58366,Larvik,t,f,,f,Eigeland 2014b,78,80,shore_typo,-8500,-8200,5.8,0,0,0,0,33,16,18,0,0,0,0,0,0,0,0,0,0,0,0,0,0,0,0,0,0,0,0,0,1,1,0,0,0,0,0,0,0,0,0,2,2,4,0,0,1,0,0,0,0,0,0,0,0,0
Nedre Hobekk 3,115977,C58368,Larvik,t,f,,f,Fossum 2014b,72,75,shore_typo,-8200,-8000,8.76,0,0,8,4,178,115,142,0,0,0,0,0,0,0,0,0,0,0,0,0,0,1,0,0,0,1,0,0,0,0,0,0,0,0,0,0,0,0,0,0,0,0,0,0,0,0,0,0,0,0,0,0,0,0
Sundsaasen 1,136590,C58011,Porsgrunn,t,f,,f,Eggen 2014,62,66,shore_typo,-7900,-7700,26.5,12,0,38,88,1859,2894,1509,0,0,0,13,0,0,0,0,0,0,0,0,0,0,12,5,1,16,4,4,2,17,6,0,1,2,0,0,3,0,0,4,108,38,11,0,0,0,0,0,0,0,0,0,1,0,0
Gunnarsrød 7,"136600, 136602",C58007,Porsgrunn,t,t,f,f,Fossum 2014c,55,59,shore_typo,-7800,-7300,39.8,52,6,200,229,4589,4335,2726,0,0,0,4,0,0,0,0,0,0,0,0,0,0,21,6,0,21,26,25,1,29,13,5,2,5,2,0,4,0,0,4,68,6,12,3,2,0,0,0,0,0,0,0,0,0,0
Prestemoen 1,136598,C58364,Porsgrunn,t,t,t,f,Persson 2014,,,c14,-7700,-7600,6.6,31,6,133,239,1745,2683,543,0,0,0,6,0,0,0,0,0,0,0,0,0,0,10,0,0,8,8,11,0,14,0,3,4,6,0,3,7,0,0,12,256,69,0,0,0,0,0,0,4,0,0,0,0,0,0
Gunnarsrød 8,136589,C58364,Porsgrunn,t,f,,f,Fossum 2014d,52,54,shore_typo,-7300,-7000,7.6,6,1,2,5,271,220,168,0,0,0,0,0,0,0,0,0,0,0,0,0,0,4,4,0,3,0,0,0,8,1,0,0,0,0,0,2,0,1,0,35,7,17,1,3,1,0,0,0,0,0,0,0,0,0
Langangen Vestgård 1,128960,C57601,Porsgrunn,t,t,t,f,Melvold & Eigeland 2014,,,c14,-6800,-6600,60.65,57,8,140,401,3569,4371,2497,0,0,0,0,0,0,0,0,0,0,0,0,0,0,17,0,1,53,10,12,19,109,28,11,23,19,9,0,46,0,29,2,1389,1796,806,10,45,13,1,0,0,0,0,0,0,1,0
Gunnarsrød 6a,128961,C58006,Porsgrunn,t,t,f,f,Carrasco et al. 2014,45,46,shore_typo,-6300,-6100,25.8,16,12,22,184,566,1217,339,0,0,0,0,0,0,0,0,0,0,0,0,0,0,10,2,0,21,1,0,0,8,4,8,11,4,1,0,8,0,15,5,252,786,104,0,9,4,0,1,0,0,2,0,0,0,0
Gunnarsrød 6b,128964,C58006,Porsgrunn,t,t,f,f,Carrasco et al. 2014,46,46.5,shore_typo,-6500,-6300,12.9,21,18,30,372,1473,2105,682,0,0,0,0,0,0,0,0,0,0,0,0,0,0,4,5,0,5,0,0,1,1,3,4,5,2,0,0,5,0,21,5,1053,1781,509,5,19,9,0,0,0,0,2,0,0,0,0
Gunnarsrød 10,52038,C58010,Porsgrunn,t,t,f,f,Reitan & Fossum 2014,43,44,shore_typo,-5800,-5600,3.88,2,0,0,9,54,61,75,0,0,0,0,0,0,0,0,0,0,0,0,0,0,0,0,0,0,0,1,0,1,2,0,6,3,0,0,2,0,0,0,783,226,196,0,1,0,0,0,0,0,0,0,0,0,0
Vallermyrene 4,150594,C58010,Porsgrunn,t,t,t,f,Eigeland & Fossum 2014,,,c14,-5500,-5200,56.1,33,18,36,1201,5579,3743,3470,0,0,0,0,0,0,0,0,0,0,0,0,0,0,11,0,0,21,0,4,0,69,63,3,71,3,0,0,0,0,14,8,18083,7956,9153,0,16,4,0,0,0,0,0,0,8,0,0
Vallermyrene 1,136595,C58361,Porsgrunn,t,t,t,f,Reitan 2014,,,c14,-4700,-4100,14.7,17,6,49,73,474,658,838,0,0,0,0,1,5,0,0,0,0,0,0,0,0,32,12,0,1,3,0,0,14,7,0,1,12,0,0,7,0,1,5,90,4,3,1,0,0,0,0,0,0,0,0,0,0,0
Langangen Vestgård 3,136594,C57603,Porsgrunn,t,t,t,f,Eggen 2014b,,,c14,-4350,-4000,31.5,19,2,12,80,957,1348,623,0,0,0,0,2,2,1,0,0,0,0,0,0,0,3,0,0,1,0,1,1,7,4,1,1,1,0,0,1,0,0,0,4,0,0,0,0,0,0,0,0,0,0,0,0,0,0
Sundsaasen 2,"136599, 136604",C58012,Porsgrunn,t,f,,f,Melvold & Persson 2014,27,31,shore_typo,-3900,-3400,4.125,4,0,17,2,44,85,80,0,0,0,0,1,0,1,0,0,0,0,0,0,0,3,1,0,1,2,0,0,10,0,0,0,0,0,0,0,0,0,0,12,0,1,0,0,0,0,0,0,0,0,0,0,0,0
Langangen Vestgård 5,136588,C58012,Porsgrunn,t,t,t,t,Reitan 2014b,,,c14,-5000,-3700,24.1,103,,155,65,1351,2811,2879,15,0,0,0,23,58,7,0,0,0,6,0,0,0,43,20,0,10,15,1,0,65,45,0,8,9,0,0,37,0,0,7,353,16,18,1,0,12,0,0,0,0,0,0,0,6,0
Langangen Vestgård 6,136597,C57606,Porsgrunn,t,t,t,f,Reitan 2014c,,,c14,-4000,-3600,29.03,74,14,552,138,2565,3782,3452,18,0,0,0,87,73,36,0,0,0,0,0,0,0,80,44,0,13,50,2,1,91,41,0,0,9,0,0,57,3,0,7,313,47,81,4,5,3,0,0,0,0,0,0,2,1,1
Gunnarsrød 5,"128956, 128959",C58005,Porsgrunn,t,t,t,t,Reitan 2014d,,,c14,-6600,-3300,7.75,11,4,44,35,121,384,212,1,0,0,0,3,0,1,0,1,0,0,0,0,0,7,2,0,1,3,5,0,24,8,0,4,0,0,0,1,2,1,1,74,15,14,5,7,4,0,0,0,0,0,0,1,0,0
Solum 2,116019,C58370,Larvik,t,f,,f,Fossum 2014e,,,typo,-2400,-1100,9.25,1,0,2,0,323,109,96,0,0,0,0,0,0,0,0,0,49,0,0,0,0,0,1,0,0,2,0,0,2,4,0,0,0,0,0,2,0,0,0,0,0,0,0,0,0,0,0,0,0,0,0,0,0,0
Solum 3,116144,C58371,Larvik,t,t,t,f,Fossum 2014e,,,c14,-2150,-1200,13.5,0,0,0,0,402,264,180,1,0,0,0,0,0,0,0,0,56,0,0,1,0,9,1,0,0,1,0,0,1,5,0,0,0,0,0,0,0,0,0,0,0,0,0,0,0,0,0,0,0,0,0,0,0,0
Vallermyrene 2,136591,C58362,Porsgrunn,t,t,t,t,Reitan 2014e,,,c14,-3800,1050,,3,2,6,6,63,127,108,3,0,0,0,2,1,0,0,1,0,0,0,0,0,0,1,0,0,4,0,0,10,3,1,0,0,0,0,0,0,0,0,0,0,0,0,0,0,0,0,0,0,0,0,0,0,0
Gunnarsrød 3,128954,C58003,Porsgrunn,t,f,,f,Reitan 2014f,35,36,shore_typo,-5000,-4500,1.9,1,1,2,2,0,9,10,0,0,0,0,0,0,0,0,0,0,0,0,0,0,0,1,0,0,0,0,0,0,0,0,0,1,0,0,0,0,0,0,5,0,0,0,0,0,0,0,0,0,0,0,0,0,0
Gunnarsrød 2,128953,C58002,Porsgrunn,t,f,,f,Reitan & Fossum 2014b,45,50.5,shore_typo,-7000,-6000,2.75,3,6,10,24,110,158,96,0,0,0,0,0,0,0,0,0,0,0,0,0,0,1,0,0,2,1,0,0,0,1,1,4,1,0,0,2,0,1,0,17,5,5,0,3,1,0,0,0,0,0,0,1,0,0
Langangen Vestgård 2,"136601, 136605",C57602,Porsgrunn,t,f,,f,Eggen 2014c,40,41,shore_typo,-5800,-5400,4,0,0,0,1,39,56,20,0,0,0,0,0,0,0,0,0,0,0,0,0,0,0,0,0,0,0,0,0,0,0,1,1,0,0,0,0,0,0,0,0,1,0,0,0,0,0,0,0,0,0,0,0,0,0
Langangen Vestgård 4,136593,C57604,Porsgrunn,t,f,,f,Reitan 2014g,39,41,shore_typo,-4300,-4300,1.8,0,0,0,0,0,0,0,0,0,0,0,0,0,0,0,0,0,0,0,0,0,0,0,0,0,0,0,0,0,0,0,0,0,0,0,0,0,0,0,8,0,0,0,0,0,0,0,0,0,0,0,0,0,0
Vallermyrene 3,128952,C58363,Porsgrunn,t,f,,f,Reitan 2014h,23,25,shore_typo,-3200,-3000,2,0,0,12,2,56,84,65,0,0,0,0,2,0,0,0,0,0,0,0,0,0,3,2,0,0,1,0,0,0,2,1,0,0,0,0,0,0,0,0,0,1,0,1,0,0,0,0,0,0,0,0,0,0,0
Langangen Vestgård 7,172899,C57607,Porsgrunn,t,t,t,f,Reitan 2014i,,,c14,-5000,-4000,,4,2,4,6,1,16,36,0,0,0,0,0,0,0,0,0,0,0,0,0,0,2,0,0,0,0,0,0,0,0,0,1,0,0,0,1,0,0,1,7,0,0,0,0,0,0,0,0,0,0,0,0,0,0
Gunnarsrød 4,"128962, 128957",C58004,Porsgrunn,t,t,t,f,Reitan 2014j,,,c14,-6000,-5800,4.525,3,1,11,34,90,96,86,0,0,0,0,0,0,0,0,0,0,0,0,0,0,0,0,0,0,1,0,0,1,2,0,1,9,0,0,0,0,0,4,93,9,8,1,0,0,0,0,0,0,0,0,0,0,0
Prestemoen 2,109934,C58365,Porsgrunn,t,f,,f,Persson 2014b,34,39,shore_typo,-5000,-4800,1.5,5,0,0,10,24,109,34,0,0,0,0,0,0,0,0,0,0,0,0,0,0,2,0,0,0,0,0,0,0,0,0,2,0,0,0,1,0,0,0,6,1,0,0,0,0,0,0,0,0,0,0,0,0,0
Tinderholt 3,138151,C59985,Bamble,t,f,,f,Koxvold 2017,106,109,shore_typo,-8700,-8500,30.9,1,8,80,10,614,357,165,0,2,0,1,0,0,2,1,0,0,0,0,0,1,4,0,1,0,15,0,0,4,5,0,0,0,0,0,0,0,0,0,13,8,11,6,0,1,2,0,0,0,0,0,5,0,0
Tinderholt 2,146871,C59984,Bamble,t,f,,f,Koxvold 2017b,104,107,shore_typo,-8700,-8400,9.4,1,15,57,4,289,83,133,0,0,0,0,1,0,1,0,0,0,0,0,0,1,0,0,1,0,3,0,1,0,1,0,0,0,0,0,0,0,0,1,1,0,1,0,0,0,0,0,0,0,0,1,0,0,0
Dørdal,146146,C59987,Bamble,t,t,f,f,Solheim et al. 2017,100,101,shore_typo,-8600,-8400,16.3,4,15,49,9,145,228,189,0,0,0,0,0,0,2,0,0,0,0,0,0,2,0,1,0,0,9,1,0,4,5,0,0,0,0,0,0,0,0,1,23,30,7,8,0,1,0,0,0,0,0,1,0,1,0
Tinderholt 1,145410,C59983,Bamble,t,f,,f,Koxvold 2017c,97,100,shore_typo,-8600,-8300,10.9,1,3,20,1,221,115,140,0,0,0,1,0,0,1,0,0,0,0,0,0,0,1,0,1,0,4,0,0,1,11,0,0,0,0,0,0,0,0,0,0,0,0,0,0,0,0,0,0,0,0,0,0,0,0
Skeid,145173,C59986,Bamble,t,f,,f,Nielsen & Solheim 2017,94,95,shore_typo,-8500,-8300,10,1,47,65,8,40,74,173,0,0,0,0,0,0,0,0,0,0,0,0,0,0,0,3,0,0,6,0,0,0,4,0,0,0,0,0,0,0,0,0,1,2,1,0,0,0,0,0,0,0,0,0,0,0,0
Hydal 3,138175,C59655,Bamble,t,t,f,f,Koxvold 2017d,76,78,shore_typo,-8300,-8100,17.2,8,33,138,39,339,361,305,0,3,0,5,1,0,0,0,0,0,0,0,0,1,4,0,2,0,7,3,0,8,4,3,0,0,0,0,0,0,0,0,0,0,0,0,0,0,0,0,0,0,0,0,0,0,0
Hydal 4,138171,C59656,Bamble,t,t,f,f,Koxvold 2017e,80,80,shore_typo,-8300,-8100,9.5,2,24,18,7,127,85,91,0,0,0,7,0,0,0,0,0,0,0,0,0,0,1,1,6,0,3,0,0,2,0,0,0,0,0,0,0,0,0,0,1,0,0,0,0,0,0,0,0,0,0,0,0,0,0
Hydal 7,138148,C59660,Bamble,t,t,f,f,Koxvold 2017f,73,74,shore_typo,-8300,-8100,13.8,2,10,16,2,134,108,41,0,0,0,2,1,0,0,0,0,0,0,0,0,0,1,0,0,0,5,4,1,3,2,0,0,0,0,0,0,0,0,0,0,0,0,0,0,0,0,0,0,0,0,0,0,0,0
Hydal 8,138170,C59661,Bamble,t,t,f,f,Koxvold 2017g,70,73,shore_typo,-8200,-8000,20.2,10,79,85,26,392,254,288,0,0,0,3,0,0,0,0,0,0,0,0,0,0,6,2,9,1,23,4,2,15,6,0,0,0,0,0,0,0,0,1,0,0,0,0,0,0,0,0,0,0,0,0,0,0,0
Hegna vest 2,138262,C59652,Bamble,t,t,t,t,Fossum 2017,,,c14,-7900,-7550,35.1,4,59,99,34,603,579,385,0,0,0,4,0,0,0,0,0,0,0,0,0,0,13,0,2,0,13,7,0,18,13,0,0,0,0,0,0,0,0,0,2,0,0,0,1,0,0,0,0,0,0,0,0,0,0
Hegna vest 1,138264,C59651,Bamble,t,t,t,t,Fossum 2017b,,,c14,-8000,-7800,64.4,18,582,800,417,1503,1156,1415,0,1,0,21,0,0,0,0,0,0,0,0,0,0,9,2,37,11,47,30,1,12,10,3,3,0,1,0,9,0,0,2,5,4,6,0,0,0,1,0,0,0,0,0,0,0,0
Hegna vest 3,138263,C59653,Bamble,t,t,t,f,Eigeland & Fossum 2017,,,c14,-7800,-7600,23.2,38,263,812,744,3036,1987,1308,0,0,0,19,0,0,0,0,0,0,0,0,0,0,29,0,0,25,49,53,5,62,10,2,1,6,0,0,0,0,0,3,42,23,21,1,0,1,0,0,0,0,0,0,0,0,0
Hegna øst 6,138160,C59649,Bamble,t,f,,f,Havstein 2017,55,58,shore_typo,-7900,-7700,15.7,6,6,20,8,164,45,43,0,0,0,1,0,0,0,0,0,0,0,0,0,0,0,0,0,2,6,1,0,5,3,0,0,0,0,0,0,0,0,0,1,0,0,0,0,0,0,0,0,0,0,1,0,0,0
Hegna vest 4,145400,C59654,Bamble,t,f,,f,Eigeland & Fossum 2017b,54,57,shore_typo,-7900,-7600,14.2,68,148,581,617,3143,2604,1216,0,0,0,0,0,0,0,0,0,0,0,0,0,0,11,4,0,7,34,41,3,33,8,0,0,1,0,0,0,0,0,0,9,13,15,2,3,2,0,0,0,0,0,0,0,0,0
Hegna øst 5,138163,C59648,Bamble,t,t,f,f,Havstein 2017b,44,49,shore_typo,-7500,-7000,39.7,125,114,930,673,6789,5204,2317,0,0,0,5,0,0,0,0,0,0,0,0,0,0,61,1,1,36,62,23,0,37,11,5,2,0,0,1,2,0,0,23,24,20,20,1,2,2,1,0,0,0,0,0,0,0,0
Hegna øst 7,146129,C59650,Bamble,t,f,,f,Koxvold et al. 2017,40,42,shore_typo,-6500,-6200,7.4,32,12,20,93,599,520,313,0,0,0,1,0,0,0,0,0,0,0,0,0,0,3,0,0,3,4,1,0,12,9,0,3,0,0,0,3,1,3,3,201,133,26,0,3,5,0,2,0,0,0,0,3,1,0
Stokke/Polland 3,116727,C59058,Bamble,t,t,f,f,Fossum 2017c,36,39,shore_typo,-6100,-5400,14.7,3,4,1,118,1128,520,532,0,0,0,0,0,0,0,0,0,0,0,0,0,0,0,0,0,0,0,1,0,11,6,1,13,2,0,0,0,0,1,0,1492,285,540,0,4,1,1,0,0,0,0,0,0,0,0
Stokke/Polland 8,116720,C59062,Bamble,t,t,t,f,Fossum 2017d,,,c14,-5300,-5200,16.3,10,4,0,102,620,719,695,0,0,0,0,0,0,0,0,0,0,0,0,0,0,0,0,0,0,0,3,1,3,3,3,13,1,0,0,7,0,3,0,306,47,56,0,2,2,0,0,0,0,0,0,1,3,0
Hegna Øst 2,145397,C59645,Bamble,t,t,t,f,Solheim & Havstein 2017,,,c14,-5350,-5200,16.7,21,59,1,121,482,701,463,0,0,0,0,0,0,0,0,0,0,0,0,0,0,13,0,6,1,0,1,0,13,5,6,9,0,0,0,2,0,0,0,290,260,4,0,0,0,0,1,0,0,0,0,0,0,0
Stokke/Polland 5,"116722, 116728",C59060,Bamble,t,t,t,f,Mansrud 2017,,,c14,-5300,-5000,40.1,42,16,17,132,3235,2410,743,0,0,0,0,0,2,1,0,0,0,0,0,0,0,4,0,0,0,1,3,0,21,21,9,1,0,0,0,4,0,0,11,6,27,0,0,0,3,0,0,0,0,0,0,0,0,0
Stokke/Polland 9,116724,C59063,Bamble,t,f,,f,Fossum 2017e,29,31,shore_typo,-4200,-4000,5.9,2,1,14,38,1039,784,832,0,0,0,0,0,1,0,0,0,0,0,0,0,0,7,0,0,0,2,1,0,5,10,0,0,0,0,0,0,0,0,3,0,0,0,0,0,0,0,0,0,0,0,0,0,0,0
Stokke/Polland 1,138156,C59057,Bamble,t,t,t,t,Koxvold 2017h,,,c14,-4300,-3100,36.5,24,43,83,3,3807,2904,827,19,3,0,0,43,34,17,0,3,0,0,0,0,0,56,13,0,3,19,2,0,58,45,3,0,1,0,0,0,2,1,0,56,68,31,1,0,1,0,0,0,0,0,0,1,0,0
Stokke/Polland 7,116730,C59061,Bamble,t,f,,f,Koxvold & Solheim 2017,33,35,shore_typo,-4900,-4500,4.8,0,0,3,8,39,101,20,0,0,0,1,0,0,0,0,0,0,0,0,0,0,0,0,0,0,0,0,0,1,1,1,0,0,0,0,0,0,0,0,0,0,0,0,0,0,0,0,0,0,0,0,0,0,0
Stokke/Polland 4,116721,C59059,Bamble,t,f,,f,Mansrud 2016,33,34,shore_typo,-5000,-5000,5.525,0,0,1,3,14,45,10,0,0,0,0,0,0,0,0,0,0,0,0,0,0,0,0,0,0,0,0,0,0,0,0,0,0,0,0,0,0,0,0,0,0,0,0,0,0,0,0,0,0,0,0,0,0,0
Pauler 1,97782,C56286,Larvik,t,t,f,f,Schaller Åhrberg 2012,127,130,shore_typo,-9200,-9000,66.72,69,97,1092,165,3745,5558,5049,0,10,0,57,14,0,83,22,0,0,79,0,0,99,20,9,42,6,24,1,6,42,29,0,0,0,0,0,0,0,0,5,1,0,0,0,0,0,0,0,0,0,0,0,0,0,0
Pauler 2,97791,C56287,Larvik,t,t,f,f,Nyland 2012,124,124,shore_typo,-9150,-8950,29.4,16,79,188,61,760,921,1265,2,1,0,22,7,0,28,4,0,0,58,0,0,72,31,18,4,1,57,8,0,41,62,0,0,0,0,0,0,0,0,0,0,1,0,0,0,0,0,0,0,0,0,0,0,0,0
Pauler 3,97805,C56288,Larvik,t,t,f,f,Amundsen 2012,114,114,shore_typo,-9000,-8800,53.3,67,154,563,425,5482,4532,7126,7,9,3,69,23,0,48,15,0,0,74,0,0,103,15,20,7,0,37,5,0,39,23,1,1,0,0,0,0,3,1,2,301,396,476,45,15,18,7,1,0,0,0,1,2,5,0
Pauler 5,97747,C56290,Larvik,t,f,,f,Amundsen 2012b,108,111,shore_typo,-8975,-8775,13.7,13,24,76,32,941,709,758,0,0,0,2,1,0,6,4,0,0,2,0,0,9,7,5,4,0,8,0,0,9,8,0,0,0,0,0,0,0,0,0,21,27,34,0,3,1,1,0,0,0,0,0,0,0,0
Pauler 4,97803,C56289,Larvik,t,t,f,f,Nyland 2012b,110.5,110.5,shore_typo,-8950,-8750,51.5,28,195,395,145,3135,3079,5278,29,9,0,48,6,0,23,22,0,0,32,0,0,148,31,29,16,0,100,13,0,184,121,11,0,0,0,0,0,1,0,0,278,136,170,11,8,6,23,0,0,0,4,5,4,10,0
Pauler 6,97794,C56291,Larvik,t,f,,f,Jaksland 2012,98,98,shore_typo,-8850,-8650,28.1,5,3,132,41,143,359,463,0,1,0,2,0,0,0,7,0,0,7,0,0,16,2,1,2,0,4,0,0,15,7,0,1,0,0,0,0,0,0,1,8,7,0,2,0,3,0,0,0,0,0,0,0,1,0
Pauler 7,97796,C56292,Larvik,t,f,,f,Jaksland 2012b,95,95,shore_typo,-8800,-8600,9.9,2,3,46,8,85,177,138,0,0,0,11,2,0,0,0,0,0,5,0,0,15,0,0,4,0,2,0,0,9,0,0,3,0,2,0,0,0,0,1,55,55,0,0,0,0,0,0,0,0,0,0,0,0,0
Sky 1,97826,C56293,Larvik,t,f,,f,Amundsen 2012c,108,108,shore_typo,-8950,-8750,4.6,0,0,6,0,0,3,2,0,0,0,0,0,0,0,,0,0,0,0,0,1,0,0,1,0,1,0,0,0,0,0,0,0,0,0,0,0,0,0,0,0,0,0,0,0,0,0,0,0,0,0,0,0,0
Sky 2,97811,C56294,Larvik,t,f,,f,Schaller Åhrberg 2012b,,,shore_typo,-8800,-8500,1.235,0,0,0,0,0,3,2,0,0,0,0,0,0,0,0,0,0,0,0,0,0,0,0,0,0,0,0,0,1,0,0,0,0,0,0,0,0,0,0,0,0,0,0,0,0,0,0,0,0,0,0,0,0,0
Bakke,97832,C56295,Larvik,t,t,f,f,Nyland & Amundsen 2012,98,98,shore_typo,-8850,-8650,67.3,26,126,324,174,2378,2510,3228,65,14,0,46,2,0,13,30,0,0,29,0,0,207,6,23,16,4,62,1,0,67,40,1,0,0,0,0,1,0,0,4,46,54,49,0,0,5,3,0,0,0,0,2,0,0,0
Nøklegård 1,97863,C56296,Porsgrunn,t,t,t,f,Jaksland & Kræmer 2012,,,c14,-1900,-1750,22.1,12,0,1,0,334,214,157,0,0,0,0,0,0,0,0,0,56,0,0,5,0,5,6,0,2,0,0,0,25,5,0,1,0,0,0,3,0,0,1,14,16,24,0,0,2,0,0,0,0,0,0,0,0,0
Brunstad 24,139824,C59135,Sandefjord,t,t,t,f,Danielsen et al. 2018,,,c14,-6400,-5700,50.425,114,250,224,630,2519,3437,3470,0,0,0,0,0,0,0,0,0,0,0,0,0,0,0,0,1,0,75,40,5,115,137,19,15,0,5,0,40,0,8,26,479,510,33,12,6,31,2,0,0,0,3,0,7,8,0
Brunstad 26,139826,C59339,Sandefjord,t,f,,f,Danielsen et al. 2018,46,50,shore_typo,-5600,-5500,5.55,3,1,0,8,59,73,96,0,0,0,0,0,0,0,0,0,0,0,0,0,0,0,0,0,0,0,2,1,3,10,0,2,0,0,0,0,0,0,0,1,0,0,0,0,0,0,0,0,0,0,0,0,0,0
Brunstad 25,139825,C59338,Sandefjord,t,t,t,f,Reitan & Schülke 2018,,,c14,-6000,-5700,22,44,22,80,275,748,874,1300,2,0,0,0,0,0,0,0,0,0,0,0,0,0,0,0,2,1,9,0,0,13,13,6,17,0,0,0,19,0,36,3,203,72,9,4,0,5,0,0,0,0,0,0,0,1,0
Kjørholt,222438,C60794,Porsgrunn,t,t,f,f,Koxvold 2020,59,63,shore_typo,-8000,-7700,9.5,5,11,144,98,,904,341,0,0,0,7,0,0,0,0,0,0,0,0,0,0,2,1,0,9,28,0,377,37,14,0,0,0,0,0,0,0,0,0,3,3,3,0,0,0,0,0,0,0,0,0,0,0,0
Langemyr,144308,C60049,Larvik,t,t,t,f,Koxvold 2018,,,c14,-8200,-7800,7.3,4,23,105,48,1542,470,308,0,0,0,10,1,0,0,0,0,0,0,0,0,0,4,0,2,2,28,6,2,9,5,1,0,0,0,0,0,0,0,2,0,0,0,0,0,0,0,0,0,0,0,0,0,0,0
Danebuåsen,171003,C60327,Sandefjord,t,t,f,f,Koxvold 2018b,70,75,shore_typo,-8500,-8300,5.9,0,0,2,1,0,2,0,0,0,0,0,0,0,0,0,0,0,0,0,0,0,0,0,0,0,0,0,0,1,0,0,0,0,0,0,0,0,0,0,0,0,0,0,0,0,0,0,0,0,0,0,0,0,0
Roverud 1,158101,C60795,Bamble,t,f,,f,Koxvold 2020b,59,62,shore_typo,-7500,-7400,2.6,0,0,10,5,25,68,25,0,0,0,0,0,0,0,0,0,0,0,0,0,0,0,0,0,0,7,1,0,4,2,0,0,0,0,0,0,0,0,0,0,0,0,0,0,0,0,0,0,0,0,0,0,0,0
Roverud 2,158114,C60796,Bamble,t,f,,f,Koxvold 2020b,56,59,shore_typo,-7500,-7400,16.4,10,25,343,138,4542,1278,611,0,0,0,8,0,0,0,0,0,0,0,0,0,0,11,6,1,11,81,22,3,11,0,4,1,0,0,0,0,0,0,0,17,6,10,1,0,1,0,0,0,0,0,0,0,1,0
Rødbøl 54,112781,C55094,Larvik,t,t,t,f,Mansrud 2008,,,c14,-7700,-7550,33.2,17,25,132,132,84,74,1497,0,0,0,14,0,0,0,0,0,0,0,0,0,0,0,0,5,3,19,15,0,0,27,2,2,0,0,1,1,0,0,0,39,0,0,1,0,0,1,0,0,0,0,0,0,0,0
Ragnhildrød,100322,C57646,Stokke,t,t,f,t,Mjærum 2012,78,81,shore_typo,-7900,-7500,31.4,16,12,75,26,79,285,189,0,0,0,5,0,0,0,0,0,0,0,0,0,0,8,0,2,1,24,5,0,8,7,0,1,0,0,0,3,0,0,0,4,2,0,0,0,0,0,0,0,0,0,1,0,0,0
Lågerød,169715,C58916,Stokke,t,t,f,f,Eymundsson 2012,64,68,shore_typo,-7400,-7000,2.9,6,9,25,23,62,152,158,0,0,0,0,0,0,0,0,0,0,0,0,0,1,0,0,0,0,10,4,0,4,3,1,1,0,0,0,9,0,0,2,8,9,1,0,0,2,0,0,0,0,0,0,1,0,0
Skutvikåsen 3,110390,C57930,Skien,t,f,,f,Ekstrand 2013,54,55,shore_typo,-7230,-7150,24.1,4,39,458,408,2034,2976,872,0,0,0,10,0,0,0,0,0,0,0,0,0,0,21,0,1,0,50,24,1,32,8,4,2,4,1,0,0,0,0,8,10,23,12,8,5,1,0,0,0,0,0,0,0,0,0
Skutvikåsen 4,110311,C57931,Skien,t,f,,f,Ekstrand 2013,59,59,shore_typo,-7540,-7540,6.7,1,0,32,17,230,301,99,0,0,0,2,0,0,0,0,0,0,0,0,0,0,0,0,0,0,3,2,0,2,1,0,0,0,0,0,0,0,0,1,0,10,2,0,0,0,0,0,0,0,0,0,0,0,0
Skutvikåsen 5,110312,C57931,Skien,t,f,,f,Ekstrand 2013,30,31,shore_typo,-4500,-4300,7.1,2,5,29,51,1127,1200,528,0,0,0,0,11,0,0,0,0,0,0,0,0,0,7,0,0,0,4,1,0,2,2,10,3,0,0,6,0,0,0,0,4,4,0,1,0,0,0,0,0,0,0,0,0,0,0
Trondalen,170401,C59637,Risør,t,t,t,f,Mansrud 2018,,,c14,-4400,-3900,6.3,0,0,1,6,95,88,30,0,0,0,0,0,0,0,0,0,0,0,0,0,0,1,0,0,0,0,0,0,0,0,0,0,0,0,0,0,0,0,0,6,10,0,0,0,1,0,0,0,0,0,0,0,0,0
Skljelsø 1,120283,C57209,Risør,t,f,,f,Damlien 2009,22,22,shore_typo,-2800,-2500,0.3,0,0,0,2,0,0,5,0,0,0,0,0,0,0,0,0,0,0,0,0,0,0,0,0,0,0,0,0,0,1,0,0,0,0,0,0,0,0,0,1,1,0,0,0,0,0,0,0,0,0,0,0,0,0
Skljelsø 2,121218,C57383,Risør,t,f,,f,Damlien 2009,15,15,shore_typo,-2300,-1100,0.3,1,0,1,0,0,14,8,0,0,0,0,0,0,0,0,0,0,0,0,0,0,0,0,0,0,0,0,0,0,0,0,0,0,0,0,0,0,0,0,3,0,0,0,0,0,0,0,0,0,0,0,0,0,0
Tangvall nedre 1,113521,C60617,Bamble,t,f,,f,Stokke 2017,23,24,shore_typo,-3550,-3550,3.7,35,4,114,41,354,278,355,23,0,0,0,18,0,0,0,0,0,2,0,0,0,0,0,0,0,9,0,0,2,1,0,0,0,0,0,0,0,0,0,0,0,1,0,0,0,0,0,0,0,0,0,0,0,0
Tangvall nedre 2,113522,C60618,Bamble,t,f,,f,Stokke 2017,23,25,shore_typo,-3550,-3550,2.1,2,6,18,5,8,17,35,0,0,0,0,1,0,0,0,0,0,0,0,0,0,0,0,0,0,2,0,0,1,1,0,0,0,0,0,0,0,0,0,0,0,0,0,0,0,0,0,0,0,0,0,0,0,0
Lunaveien,117534,C57312,Sandefjord,t,t,t,t,Reitan 2010,,,c14,,,,,,,,,,,,,,,,,,,,,,,,,,,,,,,,,,,,,,,,,,,,,,,,,,,,,,,,,
Marum mellom 4,89476,C55260,Sandefjord,t,f,,t,Knutsen & Skogsfjord 2009,,,typo,-2300,-1100,22.8,6,0,0,7,115,171,247,0,0,0,0,0,0,0,0,0,0,4,0,2,0,0,0,0,2,0,0,0,3,2,0,0,0,0,0,1,0,0,0,1,0,0,0,0,0,0,0,0,0,0,0,0,0,0
Førstad store 1,89481,C55257,Sandefjord,t,t,t,t,Knutsen & Skogsfjord 2009,,,c14,-1100,800,,0,0,0,0,0,4,6,0,0,0,0,0,0,0,0,0,0,0,0,2,0,0,1,0,0,0,0,0,0,0,0,0,0,0,0,0,0,0,0,0,0,0,0,0,0,0,0,0,0,0,0,0,0,0
Pjonkerød R1,89537,C58994,Horten,t,t,t,f,Carrasco 2015,,,c14,-7050,-6690,13.5,19,11,33,30,1838,2508,353,0,0,0,0,0,0,0,0,0,0,0,0,0,0,1,1,0,2,3,1,0,6,4,2,1,0,0,0,28,0,0,2,126,92,27,3,2,2,0,0,0,0,0,1,2,1,0
Pjonkerød R2,89538,C58995,Horten,t,f,,f,Carrasco 2015,62,62,shore_typo,-7500,-6800,3.4,2,3,8,5,6,519,90,0,0,0,0,0,0,0,0,0,0,0,0,0,0,0,0,0,0,0,0,0,1,0,0,1,0,0,0,2,0,0,0,6,14,3,0,0,2,0,0,0,0,0,0,0,0,0
Pjonkerød R3,89539,C58996,Horten,t,f,,f,Carrasco 2015,62,65,shore_typo,-7500,-6800,2.9,1,0,3,2,50,131,24,0,0,0,0,0,0,0,0,0,0,0,0,0,0,1,0,0,0,2,0,0,0,0,1,2,0,0,1,5,0,0,1,0,0,0,0,0,0,0,0,0,0,0,0,0,0,0
Hegna øst 3,145397,C59646,Bamble,t,f,,f,Koxvold & Solheim 2017b,37,39,shore_typo,-5700,-5600,2.3,1,1,0,3,26,24,1,0,0,0,0,0,0,0,0,0,0,0,0,0,0,0,0,0,0,0,0,0,0,0,0,0,0,0,0,1,0,0,0,9,2,0,0,0,0,0,0,0,0,0,0,0,0,0
Nauen A,231092,C53328,Tønsberg,t,t,t,t,Persson 2008,,,c14,-5000,-900,7,7,0,1,17,0,222,119,0,0,0,0,0,0,0,0,0,0,0,0,0,0,2,0,0,0,0,0,0,0,2,4,3,0,0,0,1,0,0,2,111,31,0,0,0,3,0,0,0,0,0,0,2,4,0
Nauen B,236294,C53329,Tønsberg,t,f,,f,Persson 2008,33,34,shore_typo,-4000,-4000,5,8,0,2,1,0,204,106,0,0,0,0,0,2,2,0,0,,0,0,0,0,2,0,0,0,4,0,0,3,5,0,1,0,0,0,0,0,0,0,18,2,0,0,0,0,0,0,0,0,0,0,0,1,0
Nauen C,231112,C53330,Tønsberg,t,t,t,f,Persson 2008,,,c14,-4000,-4000,6,2,0,3,1,0,73,29,0,0,0,0,2,0,0,0,0,0,1,0,0,0,1,0,0,0,0,0,0,0,0,1,0,0,0,0,0,0,0,0,20,12,0,0,0,0,0,0,0,0,0,0,0,0,0
Nordby 52,112779,C53332,Larvik,t,t,t,t,Gjerpe & Bukkemoen 2008,,,c14,-5700,1300,22,4,1,3,13,149,428,237,0,0,0,0,0,0,0,0,0,0,0,0,1,0,2,1,0,3,3,1,0,6,6,0,3,0,0,0,1,0,0,0,4,3,0,0,0,0,0,0,0,0,0,0,0,0,0
Nordby 1,112755,C55533-C55536,Larvik,t,t,t,t,Gjerpe & Bukkemoen 2008b,,,c14,-2550,1400,,0,0,0,0,0,6,7,0,0,0,0,0,0,0,0,1,0,0,1,0,0,0,0,0,0,0,0,0,0,0,0,0,0,0,0,0,0,0,0,0,0,0,0,0,0,0,0,0,0,0,0,0,0,0
Anvik,119055,C58917,Larvik,t,t,f,f,Eymundsson 2014,77,80,shore_typo,-8550,-8250,7,16,35,44,18,1023,1329,1879,283,1,0,1,0,0,4,0,0,0,0,0,0,0,2,0,0,2,29,10,0,18,16,3,0,0,0,0,10,0,0,4,17,5,1,0,0,0,0,0,0,0,0,0,0,0,0
Øysang,,C52079,Risør,t,f,,f,Tørhaug 2000,,,,,,,,,,,,,,,,,,,,,,,,,,,,,,,,,,,,,,,,,,,,,,,,,,,,,,,,,,,,
Tverdal,41667,C57343,Arendal,t,t,t,f,Berge 2017,,,c14,,,,,,,,,,,,,,,,,,,,,,,,,,,,,,,,,,,,,,,,,,,,,,,,,,,,,,,,,
Frebergsvik A,12346,,Horten,t,t,f,f,Mikkelsen 1975,,,shore_typo,,,,,,,,,,,,,,,,,,,,,,,,,,,,,,,,,,,,,,,,,,,,,,,,,,,,,,,,,
Frebergsvik B,12346,,Horten,t,t,f,f,Mikkelsen 1975,,,shore_typo,,,,,,,,,,,,,,,,,,,,,,,,,,,,,,,,,,,,,,,,,,,,,,,,,,,,,,,,,
Frebergsvik C,12346,,Horten,t,t,f,f,Mikkelsen 1975,,,shore_typo,,,,,,,,,,,,,,,,,,,,,,,,,,,,,,,,,,,,,,,,,,,,,,,,,,,,,,,,,
Hegna øst 4,147457,C59647,Bamble,t,f,,f,Koxvold et al. 2016,34,36,shore_typo,-5300,-5100,4.6,4,17,6,24,94,89,64,0,0,0,0,0,0,0,0,0,0,0,0,0,0,9,0,2,0,1,0,0,8,6,0,2,0,0,0,0,0,0,0,2,1,1,0,0,0,0,0,0,0,0,0,0,1,0
Nordby 3 (Bommestad-Sky),119398,C57994,Larvik,t,t,f,f,Mansrud 2013c,49,49,shore_typo,-6800,-6300,13,0,0,1,1,10,17,7,0,0,0,0,0,0,0,0,0,0,0,0,0,0,0,0,0,0,0,0,0,0,0,0,0,0,0,0,0,0,0,0,1,1,0,0,0,0,0,0,0,0,0,0,0,0,0
Hydal 6,138155,C59659,Bamble,t,f,,f,Koxvold 2017i,79,79,shore_typo,-8500,-8300,13.8,0,0,2,0,79,49,39,1,0,0,0,1,0,0,0,0,0,0,0,0,0,1,1,0,0,0,0,0,4,5,0,1,0,0,0,0,0,0,0,0,0,0,0,0,0,0,0,0,0,0,0,0,0,0
Hydal 5,138159,C59658,Bamble,t,t,f,f,Koxvold 2016,76,77,shore_typo,-8500,-8200,7,0,1,0,0,1,6,5,0,0,0,0,0,0,0,0,0,0,0,0,0,0,1,0,0,0,0,0,0,0,0,0,0,0,0,0,0,0,0,0,0,0,0,0,0,0,0,0,0,0,0,0,0,0,0
Sandtrahelleren,77378,"C38230, C39196",Larvik,t,f,,f,Østmo 1993,,,typo,-4500,-1800,,,,,,,,,,,,,,,,,,,,,,,,,,,,,,,,,,,,,,,,,,,,,,,,,,,,,,,
Rognlien,11534,FC29637,Porsgrunn,t,t,t,t,Ingstad 1970,,,c14,,,,,,,,,,,,,,,,,,,,,,,,,,,,,,,,,,,,,,,,,,,,,,,,,,,,,,,,,
Løvås 1,40831,C62085,Horten,t,t,t,t,Reitan & Hårstad 2021,,,c14,-8250,-7600,40.9,67,226,1758,1666,1892,1702,4010,0,0,0,133,0,0,0,0,0,0,0,0,0,2,32,0,15,17,242,180,0,13,29,0,7,3,1,0,18,0,0,1,39,3,1,6,2,2,0,0,0,0,0,0,1,1,0
Løvås 2,40831,C62086,Horten,t,t,t,t,Reitan & Hårstad 2021,,,c14,-8250,-7700,9,8,11,180,227,335,308,539,0,0,0,12,0,0,0,0,0,0,0,0,0,1,6,0,1,0,6,13,0,6,1,0,1,0,0,0,24,0,0,1,4,2,0,2,0,0,0,0,0,0,0,0,0,0,0
Løvås 3,40831,C62087,Horten,t,t,t,f,Reitan & Hårstad 2021,78,89,shore_typo,-8250,-7600,10.5,32,19,292,119,315,442,555,0,0,0,9,0,0,0,0,0,0,0,0,0,0,17,0,1,9,40,7,0,2,6,0,1,0,0,0,4,0,0,0,0,1,0,0,0,0,0,0,0,0,0,0,0,0,0
Løvås 4,40831,C62088,Horten,t,f,,f,Reitan & Hårstad 2021,77,81,shore_typo,-7600,-7300,19,5,5,30,17,7,34,84,0,0,0,0,0,0,0,0,0,0,0,0,0,0,5,0,1,2,7,2,0,0,6,0,0,0,0,0,1,0,0,0,0,0,0,0,0,0,0,0,0,0,0,0,0,0,0
Olsmyren,229813,C62093,Horten,t,f,,f,Hårstad 2021,70,70,shore_typo,-7300,-7050,3.5,9,2,21,28,1115,542,318,0,0,0,1,0,0,0,0,0,0,0,0,0,0,1,0,0,0,8,1,0,2,1,0,0,0,0,0,2,0,0,3,1,2,0,0,0,0,0,0,0,0,0,0,0,0,0
Viulsrød 1,"62027-2, 62027-4",C62095,Horten,t,f,,f,Reitan & Hårstad 2021b,71,74,shore_typo,-7400,-7100,10,4,1,31,5,88,31,34,0,0,0,0,0,0,0,0,0,0,0,0,0,0,2,0,0,2,4,1,0,0,0,0,0,0,0,0,0,0,0,0,0,0,0,0,0,0,0,0,0,0,0,0,0,0,0
Viulsrød 2,"62027-1, 62027-3",C62095,Horten,t,t,t,t,Reitan & Hårstad 2021b,67,69,shore_typo,-7100,-6900,10,10,6,32,31,305,188,132,0,0,0,0,0,0,0,0,0,0,0,0,0,0,0,0,0,0,6,2,0,0,1,0,1,0,0,0,3,0,0,0,14,8,11,1,0,0,0,0,0,0,0,0,0,0,0
Råen 1,58622,C62091,Horten,t,f,,f,Hårstad 2021b,65,65,shore_typo,-7000,-6800,4,0,2,1,4,32,14,11,0,0,0,0,0,0,0,0,0,0,0,0,0,0,1,0,0,1,0,0,0,2,0,0,0,0,0,0,0,0,1,1,7,0,0,0,0,0,0,0,0,0,0,0,0,0,0
Adal vestre 1,229871-1,C62089,Horten,t,t,t,t,Granados 2021,63,70,shore_typo,-7100,-6700,20.66,70,93,683,478,3737,1905,1535,0,0,0,6,0,0,0,0,0,0,0,0,0,0,4,0,1,15,79,17,0,42,30,9,8,20,3,0,77,0,0,16,70,36,11,0,4,0,0,0,0,0,1,3,1,5,0
Adal vestre 2,229871-2,C62090,Horten,t,t,t,t,Granados 2021,66,69,shore_typo,-7300,-6600,10.6,47,29,317,202,2408,923,1094,0,0,0,1,0,0,0,0,0,0,0,0,0,0,2,0,0,13,34,14,0,12,21,0,2,13,1,0,39,0,0,9,63,31,15,6,2,0,1,0,0,0,0,1,0,5,0
Alveberget 8,"219491, 1949",C61487,Arendal,t,t,t,t,Mansrud 2021,,,c14,-3300,-2200,,,,,,,,,,,,,,,,,,,41,,,,,,,,,,,,,,,,,,,,,,,,,,,,,,,,,,,,
Alveberget 6,173492,C61488,Arendal,t,f,,f,Stokke 2021,20,22,shore_typo,-5600,-4500,6.5,25,36,94,467,580,1760,990,0,0,0,0,0,1,1,0,0,0,0,0,0,0,0,0,0,0,5,4,0,5,14,2,2,0,0,0,2,1,0,1,330,18,0,7,6,6,0,0,0,0,0,0,0,1,0
Auve,49729,C38626,Sandefjord,t,t,t,f,Østmo 2008,,,c14,,,,,,,,,,,,,,,,,,,,,,,,,,,,,,,,,,,,,,,,,,,,,,,,,,,,,,,,,
Brink 1,3101-1,,Sandefjord,t,f,,,Trinterud 1997,63,63,shore_typo,-6500,-6500,,,,,,,,,,,,,,,,,,,,,,,,,,,,,,,,,,,,,,,,,,,,,,,,,,,,,,,
Brink 3 R1,3101-1,,Sandefjord,t,t,t,t,Triuterud 1997,55,55,c14,-6000,-825,,,,,,,,,,,,,,,,,,,,,,,,,,,,,,,,,,,,,,,,,,,,,,,,,,,,,,,
Brink 3 R2,3101-1,,Sandefjord,t,f,,,Triuterud 1997,55,55,shore_typo,-6000,-6000,,,,,,,,,,,,,,,,,,,,,,,,,,,,,,,,,,,,,,,,,,,,,,,,,,,,,,,
Melau,78208,,Larvik,t,f,,f,Matsumoto 2004,100,100,shore_typo,-9500,-8200,3.5,17,14,77,22,90,356,322,5,6,,7,,,,,,,,,,13,,,13,,,,,,55,,,,,,,,,,,,,,,,,,,,,,,,
Austein 1,70921,,Larvik,t,f,,f,Matsumoto 2004,105,110,shore_typo,-9500,-8200,1.5,19,26,88,17,6,284,205,8,2,,3,,,,,,,,,,6,,,3,,,,,,39,,,,,,,,,,,,,,,,,,,,,,,,
Sande Søndre J,134275,52712,Nøtterøy,t,t,f,t,Karlsen et al. 2001,25,25,shore_typo,-3300,-2300,3,0,2,9,9,39,100,65,0,0,0,0,1,0,0,0,0,0,0,0,0,0,0,0,0,2,0,0,0,3,0,0,0,0,0,0,0,0,0,0,0,1,0,0,0,0,0,0,0,0,0,0,0,0,0
Tangen,97144,50180,Kragerø,f,f,,f,Glørstad 2005,20,20,shore_typo,-3700,-3400,,,,,,,,,,,,,,,,,,,,,,,,,,,,,,,,,,,,,,,,,,,,,,,,,,,,,,,
Krøgenes D9,161276,,Arendal,t,,,,Solberg 2017?,16,16,,,,,,,,,,,,,,,,,,,,,,,,,,,,,,,,,,,,,,,,,,,,,,,,,,,,,,,,,,
Krøgenes D8,161278,59695,Arendal,t,f,,t,Viken 2017,39,39,shore_typo,-9250,-8300,0.95,0,0,0,0,1,2,1,0,0,0,0,0,0,0,0,0,0,0,0,0,0,0,0,0,0,1,0,0,0,0,0,0,0,0,0,0,0,0,0,1,0,2,0,0,0,0,0,0,0,0,0,0,0,0
Krøgenes D6,161292,59693,Arendal,t,f,,f,Viken 2017b,40,40,shore_typo,-9300,-8300,,0,0,0,0,0,0,0,0,0,0,0,0,0,0,0,0,0,0,0,0,0,0,0,0,0,0,0,0,1,0,0,0,0,0,0,0,0,0,0,0,0,0,0,0,0,0,0,0,0,0,0,0,0,0
Krøgenes D3,161295,59690,Arendal,t,f,,t,Viken 2017d,38,42,shore_typo,-9300,-8250,3,1,0,3,3,10,12,3,0,0,0,0,0,0,0,0,0,0,0,0,0,0,0,0,0,0,0,0,0,0,0,0,0,0,0,0,0,1,0,0,1228,8005,1831,0,0,52,5,0,0,0,0,0,0,2,0
Sagene B5,161298,59678,Arendal,t,t,t,t,Viken 2017c,45,47,shore_typo,-8800,-8700,2.18,0,0,1,0,2,10,0,0,0,0,0,0,0,0,0,0,0,0,0,0,0,0,0,0,0,0,0,0,0,0,0,0,0,0,0,0,0,0,0,6,5,0,0,0,0,0,0,0,0,0,0,0,0,0
Hesthag C3,170177,59684,Arendal,t,,,f,Reitan 2017,,,shore_typo,-8000,-8000,3.2,1,0,4,,8,24,13,0,0,0,0,0,0,0,0,0,0,0,0,0,0,0,0,0,,0,0,0,1,1,0,0,0,0,0,1,0,0,1,8,42,0,0,0,1,0,0,0,0,0,0,0,0,0
Hesthag C6,170178,59687,Arendal,t,,,t,Reitan 2017,,,shore_typo,-8000,-1750,20.7,2,10,6,17,147,167,117,0,0,0,0,1,0,0,0,2,0,0,0,0,0,1,0,0,0,4,2,2,6,13,0,0,0,0,0,0,1,0,0,391,537,0,5,10,12,5,0,0,0,0,0,1,7,0
Hesthag C5,170189,59686,Arendal,t,f,,f,Viken 2017d,,,shore_typo,-2200,-1100,3,0,0,0,0,15,29,0,0,0,0,0,0,0,0,0,1,0,0,0,0,0,0,0,0,0,0,0,0,0,0,0,0,0,0,0,0,0,0,0,1,5,0,0,0,0,0,0,0,0,0,0,0,0,0
Sagene B8,176195,59681,Arendal,t,f,,f,,39,39,,,,,0,0,0,0,0,0,0,0,0,0,0,0,0,0,0,0,0,0,0,0,0,0,0,0,0,0,0,0,0,0,0,0,0,0,0,0,0,0,0,0,0,0,0,0,0,0,0,0,0,0,0,0,0,0
Sagene B7,176197,59680,Arendal,t,f,,f,,50,50,,,,,0,0,0,0,0,0,0,0,0,0,0,0,0,0,0,0,0,0,0,0,0,0,0,0,0,0,0,0,0,0,0,0,0,0,0,0,0,0,0,0,0,0,0,0,0,0,0,0,0,0,0,0,0,0
Kvastad A7,172665,59671,Tvedestrand,t,t,f,t,Darmark 2015,54,54,shore_typo,-8700,-8300,5,0,1,13,1,30,92,30,0,0,0,1,1,0,0,0,0,0,0,0,0,1,0,0,0,0,3,0,0,3,0,0,0,0,0,0,0,0,0,0,8,26,9,0,0,2,0,0,0,0,0,0,0,0,0
Kvastad A8,170971,59672,Tvedestrand,t,f,,f,Darmark 2017,50,55,shore_typo,-8600,-8500,6.5,6,1,29,24,100,180,45,0,0,0,1,1,0,1,0,0,0,1,0,0,2,2,0,0,0,1,0,0,5,1,0,0,0,0,0,0,0,0,0,3,21,3,0,0,0,0,0,0,0,0,0,0,0,0
Kvastad A3,172658,59667,Tvedestrand,t,t,f,f,Stokke & Bjørkli 2016,56,58,shore_typo,-8300,-8000,5.825,2,3,4,9,25,20,18,0,0,0,0,0,0,0,0,0,0,0,0,0,0,0,0,0,0,0,0,0,1,2,0,0,0,0,0,0,0,0,2,23,34,1,0,0,1,0,0,0,0,0,0,0,0,0
